Mileage_$,Price_$,Bike,Type_of_Bike,Used_Time
0,5099,SCRAM 411 WHITE FLAME,Royal Enfield Standard,2023
0,5499,CONTINENTAL GT VENTURA STORM,Royal Enfield Cruiser,2022
0,4499,CLASSIC 350 HALCYON BLACK,Royal Enfield Standard,2022
0.621371192,5299,HIMALAYAN ROCK RED,Royal Enfield Standard,2022
0,5099,SCRAM 411 GRAPHITE RED,Royal Enfield Standard,2023
0,6499,CONTINENTAL GT 650,Royal Enfield Cruiser,2022
0,5599,INT650 DOWNTOWN DRAG,Royal Enfield Standard,2022
0,3900,METEOR 350,Royal Enfield Cruiser,2022
0,5474,CLASSIC 350,Royal Enfield Standard,2023
0,6499,CONTINENTAL GT DUX DELUXE,Royal Enfield Standard,2022
0,5699,INT650 BAKER EXPRESS,Royal Enfield Standard,2022
780.4422175,4500,BULLET 500 B5,Royal Enfield Classic / Vintage,2009
0,5099,SCRAM 411 WHITE FLAME,Royal Enfield Standard,2023
3.106855961,6349,CONTINENTAL GT 650,Royal Enfield Cruiser,2023
1.864113577,6349,CONTINENTAL GT 650,Royal Enfield Cruiser,2023
0.621371192,4499,CLASSIC 350 HALCYON BLACK,Royal Enfield Standard,2022
1050.117315,6995,HIMALAYAN 411 EFI ABS,Royal Enfield Standard,2021
357.2884355,4995,SCRAM 411,Royal Enfield Standard,2023
3.106855961,4204,CLASSIC 350,Royal Enfield Cruiser,2022
1585.117911,4995,HIMALAYAN,Royal Enfield Standard,2022
2.485484769,5995,CONTINENTAL GT DUX DELUXE,Royal Enfield Standard,2022
1.242742384,3995,CLASSIC 350 HALCYON BLACK,Royal Enfield Standard,2022
1.864113577,4699,CLASSIC 350 BASE,Royal Enfield Cruiser,2023
1.864113577,4530,HIMALAYAN BASE,Royal Enfield Dual Sport,2022
6.213711922,3999,HIMALAYAN PINE GREEN,Royal Enfield Standard,2022
1.864113577,5449,HIMALAYAN BASE,Royal Enfield Dual Sport,2023
1.242742384,5549,SCRAM 411,Royal Enfield Dual Sport,2023
2.485484769,4995,INT650 DOWNTOWN DRAG,Royal Enfield Standard,2022
0,6600,CLASSIC 500,Royal Enfield Classic / Vintage,2018
1.864113577,3876,CLASSIC 350 BASE,Royal Enfield Cruiser,2022
0,5099,SCRAM 411,Royal Enfield Standard,2023
0,5099,SCRAM 411-BLAZING BLACK,Royal Enfield Standard,2023
0.621371192,5099,SCRAM 411 WHITE FLAME,Royal Enfield Standard,2023
1.864113577,4068,CLASSIC 350 BASE,Royal Enfield Cruiser,2022
1.864113577,5099,SCRAM 411,Royal Enfield Standard,2023
0,4599,CLASSIC 350,Royal Enfield Cruiser,2023
0,4899,METEOR 350 SUPERNOVA BROWN,Royal Enfield Standard,2023
54.05929372,6000,CONTINENTAL GT 650,Royal Enfield Classic / Vintage,2022
1.864113577,3876,CLASSIC 350 BASE,Royal Enfield Cruiser,2022
1.864113577,4068,CLASSIC 350 BASE,Royal Enfield Cruiser,2022
1.242742384,3995,CLASSIC 350 CHROME BRONZE,Royal Enfield Standard,2022
0,4799,CLASSIC 350,Royal Enfield Cruiser,2023
0,5099,SCRAM 411,Royal Enfield Standard,2023
0,5099,SCRAM 411,Royal Enfield Standard,2023
0.621371192,4199,HUNTER 350 REBEL RED,Royal Enfield Standard,2023
1.864113577,4799,CLASSIC 350 CHROME RED,Royal Enfield Standard,2023
0,5872,HIMALAYAN - ROCK RED,Royal Enfield Standard,2022
0,4699,CLASSIC 350,Royal Enfield Cruiser,2022
0,4999,HIMALAYAN,Royal Enfield Standard,2021
2510.960988,3650,HIMALAYAN BASE,Royal Enfield Dual Sport,2021
0,4149,METEOR 350,Royal Enfield Cruiser,2022
0,5349,CONTINENTAL GT 650 TWIN BRITISH RACING GREEN,Royal Enfield Standard,2022
4390.608844,4600,METEOR 350,Royal Enfield Classic / Vintage,2022
0,6349,CONTINENTAL GT 650,Royal Enfield Standard,2023
0,4749,METEOR STELLAR RED,Royal Enfield Standard,2022
1.864113577,6149,INTERCEPTOR 650,Royal Enfield Classic / Vintage,2023
3.728227153,4699,CLASSIC 350,Royal Enfield Cruiser,2023
0,4799,METEOR 350,Royal Enfield Cruiser,2023
3.728227153,4799,CLASSIC 350,Royal Enfield Cruiser,2023
3.728227153,4599,CLASSIC 350,Royal Enfield Cruiser,2023
0,5099,SCRAM 411 WHITE FLAME,Royal Enfield Standard,2023
497.0969538,3999,CLASSIC 350,Royal Enfield Cruiser,2022
0,5099,SCRAM 411,Royal Enfield Standard,2023
0,5099,SCRAM 411,Royal Enfield Standard,2023
0,5099,SCRAM 411,Royal Enfield Standard,2023
0.621371192,3999,SCRAM 411,Royal Enfield Standard,2023
0,5099,SCRAM 411 GRAPHITE BLUE,Royal Enfield Standard,2023
0,5099,SCRAM 411 WHITE FLAME,Royal Enfield Standard,2023
474.7275909,5498,INTERCEPTOR 650,Royal Enfield Standard,2022
0,4499,CLASSIC 350 HALCYON GREY,Royal Enfield Standard,2022
0,4699,CLASSIC 350 CHROME RED,Royal Enfield Standard,2022
792.8696413,3980,HIMALAYAN 411 EFI ABS,Royal Enfield Standard,2020
0,4799,CLASSIC 350,Royal Enfield Sportbike,2023
3.106855961,4499,CLASSIC 350 HALCYON BLACK,Royal Enfield Standard,2022
3.106855961,4999,CLASSIC 350 HALCYON GREY,Royal Enfield Standard,2022
0,4599,CLASSIC 350,Royal Enfield Cruiser,2023
6.213711922,5099,SCRAM 411,Royal Enfield Standard,2023
0,5099,SCRAM 411 SKYLINE BLUE,Royal Enfield Standard,2023
3.106855961,3999,HUNTER 350 DAPPER GREY,Royal Enfield Standard,2023
0,5099,SCRAM 411 GRAPHITE BLUE,Royal Enfield Standard,2023
3.106855961,5099,SCRAM 411,Royal Enfield Dual Sport,2023
0,4599,CLASSIC 350 HALCYON GREY,Royal Enfield Standard,2023
3.106855961,5099,SCRAM 411 WHITE FLAME,Royal Enfield Standard,2023
0,4799,CLASSIC 350 CHROME RED,Royal Enfield Standard,2023
3.106855961,5099,SCRAM 411 WHITE FLAME,Royal Enfield Standard,2023
3.106855961,5099,SCRAM 411 SKYLINE BLUE,Royal Enfield Standard,2023
3.106855961,5099,SCRAM 411 BLAZING BLACK,Royal Enfield Standard,2023
1.864113577,4799,CLASSIC 350 DARK GUNMETAL GREY,Royal Enfield Standard,2023
3.106855961,5099,SCRAM 411 GRAPHITE BLUE,Royal Enfield Standard,2023
3.106855961,4699,METEOR 350 FIREBALL RED,Royal Enfield Standard,2023
3.106855961,4899,METEOR 350 SUPERNOVA BLUE,Royal Enfield Standard,2023
3.106855961,4699,CLASSIC 350 DARK GUNMETAL GREY,Royal Enfield Standard,2023
0,4499,CLASSIC 350 HALCYON GREEN,Royal Enfield Standard,2023
0,4799,CLASSIC 350 CHROME BRONZE,Royal Enfield Standard,2023
1.864113577,4599,CLASSIC 350 HALCYON BLACK,Royal Enfield Standard,2023
0,5449,HIMALAYAN ROCK RED,Royal Enfield Standard,2023
0,5099,SCRAM 411 BLAZING BLACK,Royal Enfield Standard,2023
0,4599,CLASSIC 350 SIGNALS DESERT SAND,Royal Enfield Standard,2022
3.106855961,4599,CLASSIC 350 DARK STEALTH BLACK,Royal Enfield Standard,2022
0,4599,CLASSIC 350 HALCYON BLACK,Royal Enfield Standard,2023
0,4599,CLASSIC 350 HALCYON GREY,Royal Enfield Standard,2022
0,5449,HIMALAYAN LAKE BLUE,Royal Enfield Standard,2023
0,5299,HIMALAYAN MIRAGE SILVER,Royal Enfield Dual Sport,2022
0,6149,INT650 VENTURA BLUE,Royal Enfield Standard,2023
0,4799,METEOR 350 STELLAR BLUE,Royal Enfield Standard,2023
0,4799,METEOR 350 STELLAR BLUE,Royal Enfield Standard,2023
1963.532967,3991,CLASSIC 350 HALCYON GREY,Royal Enfield Standard,2022
0,5299,HIMALAYAN LAKE BLUE,Royal Enfield Standard,2022
0,4799,METEOR 350 STELLAR RED,Royal Enfield Standard,2023
0,6149,INT650 ORANGE CRUSH,Royal Enfield Standard,2023
0,5099,SCRAM 411 SILVER SPIRIT,Royal Enfield Standard,2023
3.106855961,6349,INT650,Royal Enfield Cruiser,2023
0,5299,HIMALAYAN PINE GREEN,Royal Enfield Dual Sport,2022
0,4699,CLASSIC 350 CHROME BRONZE,Royal Enfield Standard,2022
0,5099,SCRAM 411 GRAPHITE YELLOW,Royal Enfield Standard,2023
3.106855961,6149,INT650,Royal Enfield Cruiser,2023
3.106855961,5999,CONTINENTAL GT 650,Royal Enfield Cruiser,2022
3.106855961,5998,CONTINENTAL GT 650,Royal Enfield Cruiser,2022
3.106855961,6499,CONTINENTAL GT 650,Royal Enfield Cruiser,2022
0.621371192,5746,CONTINENTAL GT 650,Royal Enfield Cruiser,2022
132.3520639,8500,PEGASUS 500 BATTLE GREEN,Royal Enfield Standard,2018
0,6349,CONTINENTAL GT 650 BRITISH RACING GREEN,Royal Enfield Standard,2023
0,6149,INT650 CANYON RED,Royal Enfield Standard,2023
0,5299,HIMALAYAN GRAVEL GREY,Royal Enfield Standard,2022
0.621371192,5908,INT650,Royal Enfield Cruiser,2022
0,4599,CLASSIC 350 HALCYON BLACK,Royal Enfield Standard,2023
0,4499,CLASSIC 350 HALCYON GREEN,Royal Enfield Standard,2022
0,4499,CLASSIC 350 HALCYON BLACK,Royal Enfield Standard,2022
0,6199,INT650,Royal Enfield Cruiser,2022
0,6699,INT650,Royal Enfield Cruiser,2022
0,5999,INT650,Royal Enfield Cruiser,2022
0,6649,CONTINENTAL GT 650 VENTURA STORM,Royal Enfield Standard,2023
0,6149,INT650 MARK 2,Royal Enfield Standard,2023
1.864113577,6349,INT650,Royal Enfield Cruiser,2023
0,4299,HIMALAYAN MIRAGE SILVER,Royal Enfield Dual Sport,2022
0.621371192,5679,CONTINENTAL GT 650,Royal Enfield Cruiser,2022
0,4699,METEOR 350 FIREBALL RED,Royal Enfield Standard,2023
0,4799,METEOR 350 STELLAR BLACK,Royal Enfield Standard,2023
0,4899,METEOR 350 SUPERNOVA BLUE,Royal Enfield Standard,2023
1.864113577,6149,INT650,Royal Enfield Cruiser,2023
3.106855961,5999,INT650,Royal Enfield Cruiser,2022
0.621371192,5399,INT650 VENTURA BLUE,Royal Enfield Standard,2022
0,6649,CONTINENTAL GT 650 DUX DELUXE BASE,Royal Enfield Standard,2023
0,6349,INT650 SUNSET STRIP,Royal Enfield Standard,2023
0,4699,METEOR 350 FIREBALL YELLOW,Royal Enfield Standard,2023
0,7149,CONTINENTAL GT 650 MR.CLEAN BASE,Royal Enfield Standard,2023
0.621371192,4649,METEOR FIREBALL RED,Royal Enfield Standard,2022
0,6499,CONTINENTAL GT DUX DELUXE,Royal Enfield Standard,2022
0,6349,INT650,Royal Enfield Cruiser,2023
6.213711922,5449,HIMALAYAN,Royal Enfield Dual Sport,2023
0,6149,INT650,Royal Enfield Cruiser,2023
3.728227153,5499,INT650,Royal Enfield Cruiser,2022
3.728227153,5999,INT650,Royal Enfield Cruiser,2022
0.621371192,5299,HIMALAYAN ROCK RED,Royal Enfield Standard,2022
0.621371192,4699,CLASSIC 350 CHROME BRONZE,Royal Enfield Standard,2022
0,5199,INT650 DOWNTOWN DRAG,Royal Enfield Classic / Vintage,2022
0,6199,INT650 DOWNTOWN DRAG,Royal Enfield Standard,2022
0,6999,CONTINENTAL GT 650,Royal Enfield Cruiser,2022
3.728227153,6199,CONTINENTAL GT 650,Royal Enfield Cruiser,2022
0,6149,INT650 ORANGE CRUSH,Royal Enfield Standard,2023
0,6849,INT650,Royal Enfield Cruiser,2023
0.621371192,4749,METEOR STELLAR RED,Royal Enfield Standard,2022
0,5299,HIMALAYAN ROCK RED,Royal Enfield Standard,2022
0.621371192,6099,INT650 MARK 2,Royal Enfield Standard,2022
1.242742384,5299,HIMALAYAN MIRAGE SILVER,Royal Enfield Dual Sport,2022
1.242742384,5299,HIMALAYAN MIRAGE SILVER,Royal Enfield Dual Sport,2022
6.213711922,6199,CONTINENTAL GT 650,Royal Enfield Cruiser,2022
0.621371192,6499,CONTINENTAL GT 650,Royal Enfield Cruiser,2022
1.864113577,5550,HIMALAYAN,Royal Enfield Standard,2023
1.242742384,5099,SCRAM 411 SKYLINE BLUE,Royal Enfield Standard,2023
1.242742384,5299,HIMALAYAN GRAVEL GREY,Royal Enfield Standard,2022
0.621371192,4699,CLASSIC 350 CHROME RED,Royal Enfield Standard,2022
0.621371192,5599,INT650 BAKER EXPRESS,Royal Enfield Standard,2022
0,5299,HIMALAYAN PINE GREEN,Royal Enfield Dual Sport,2022
1.242742384,5299,HIMALAYAN GRAVEL GREY,Royal Enfield Standard,2022
0,5299,HIMALAYAN GRAVEL GREY,Royal Enfield Standard,2022
0,6499,CONTINENTAL GT VENTURA STORM,Royal Enfield Standard,2022
1.242742384,6499,CONTINENTAL GT VENTURA STORM,Royal Enfield Standard,2022
1.242742384,5299,HIMALAYAN PINE GREEN,Royal Enfield Dual Sport,2022
1.242742384,6199,CONTINENTAL GT 650,Royal Enfield Cruiser,2022
0,6199,CONTINENTAL GT 650,Royal Enfield Cruiser,2022
1.242742384,5249,METEOR 350,Royal Enfield Cruiser,2023
1.242742384,5249,METEOR,Royal Enfield Dual Sport,2023
1.242742384,6799,CONTINENTAL GT,Royal Enfield Standard,2023
1.242742384,5049,CLASSIC,Royal Enfield Standard,2023
1.242742384,5349,METEOR 350,Royal Enfield Cruiser,2023
1.242742384,5899,HIMALAYAN,Royal Enfield Dual Sport,2023
1.242742384,6799,INT 650,Royal Enfield Cruiser,2023
0.621371192,6799,CONTINENTAL GT,Royal Enfield Standard,2023
0.621371192,5249,CLASSIC,Royal Enfield Standard,2023
0.621371192,5149,METEOR,Royal Enfield Dual Sport,2023
1.242742384,5799,METEOR 350,Royal Enfield Cruiser,2023
0.621371192,6849,INT650,Royal Enfield Cruiser,2023
6.213711922,5099,SCRAM 411,Royal Enfield Dual Sport,2023
2.485484769,6299,INT650,Royal Enfield Standard,2022
1.242742384,6599,CONTINENTAL GT 650,Royal Enfield Standard,2022
1.864113577,6599,INT650,Royal Enfield Standard,2022
1.242742384,6799,INT650,Royal Enfield Standard,2022
0.621371192,5399,INT650 ORANGE CRUSH,Royal Enfield Standard,2022
0.621371192,6599,INT650,Royal Enfield Standard,2022
1155.750418,4495,METEOR SUPERNOVA BROWN,Royal Enfield Cruiser,2021
231.1500835,6100,BULLET TRIALS 500,Royal Enfield Dual Sport,2020
1.242742384,6599,INT 650,Royal Enfield Cruiser,2023
0.621371192,5399,INT650 ORANGE CRUSH,Royal Enfield Standard,2022
0,5399,INT650 ORANGE CRUSH,Royal Enfield Standard,2022
3.106855961,4599,CLASSIC 350,Royal Enfield Cruiser,2022
0,5099,SCRAM 411 GRAPHITE BLUE,Royal Enfield Standard,2023
0,5099,SCRAM 411 GRAPHITE BLUE,Royal Enfield Standard,2023
0,5099,SCRAM 411 GRAPHITE RED,Royal Enfield Standard,2023
6.213711922,4799,METEOR 350,Royal Enfield Cruiser,2023
6.213711922,4191,CLASSIC 350,Royal Enfield Cruiser,2022
0,5699,INT650 DOWNTOWN DRAG,Royal Enfield Standard,2022
0.621371192,4995,SCRAM 411,Royal Enfield Standard,2023
0,6149,INT650 ORANGE CRUSH,Royal Enfield Standard,2023
1.242742384,5899,INT650 INTERCEPTOR 650 W/ABS,Royal Enfield Standard,2022
1936.814006,5499,INT 650 STANDARD W/ABS,Royal Enfield Standard,2022
0,4599,CLASSIC 350,Royal Enfield Cruiser,2022
0.621371192,6499,CONTINENTAL GT VENTURA STORM,Royal Enfield Standard,2022
0,6299,CONTINENTAL GT 650,Royal Enfield Cruiser,2022
0,6999,CONTINENTAL GT 650,Royal Enfield Cruiser,2022
0,6599,CONTINENTAL GT 650,Royal Enfield Cruiser,2022
0,6499,CONTINENTAL GT 650,Royal Enfield Cruiser,2022
0.621371192,5523,CONTINENTAL GT 650,Royal Enfield Cruiser,2022
1.864113577,6199,CONTINENTAL GT 650,Royal Enfield Cruiser,2022
0,6199,CONTINENTAL GT 650,Royal Enfield Cruiser,2022
0.621371192,6999,CONTINENTAL GT 650,Royal Enfield Cruiser,2022
0,5369,INT650,Royal Enfield Cruiser,2022
3.106855961,5995,CONTINENTAL GT 650,Royal Enfield Cruiser,2022
1.864113577,6499,CONTINENTAL GT 650,Royal Enfield Cruiser,2022
1.864113577,6999,CONTINENTAL GT 650,Royal Enfield Cruiser,2022
0,4499,CLASSIC 350,Royal Enfield Cruiser,2022
1.864113577,5449,HIMALAYAN,Royal Enfield Standard,2023
3.106855961,5550,HIMALAYAN,Royal Enfield Standard,2023
0,6349,CONTINENTAL GT 650,Royal Enfield Cruiser,2023
3.728227153,6349,INT650,Royal Enfield Cruiser,2023
3.728227153,6149,INT650,Royal Enfield Cruiser,2023
3.106855961,6349,INT650,Royal Enfield Cruiser,2023
0,6349,INT650 SUNSET STRIP,Royal Enfield Standard,2023
0.621371192,6349,INT650,Royal Enfield Cruiser,2023
0,5099,SCRAM 411 SILVER SPIRIT,Royal Enfield Standard,2023
0,6849,INT650 MARK 2,Royal Enfield Standard,2023
0,6349,CONTINENTAL GT 650 VENTURA STORM,Royal Enfield Standard,2023
5.59234073,6149,INT650,Royal Enfield Cruiser,2023
3.106855961,6149,INT650,Royal Enfield Cruiser,2023
0.621371192,6149,INT650,Royal Enfield Cruiser,2023
0,6849,INT650,Royal Enfield Cruiser,2023
0,6349,INT650,Royal Enfield Cruiser,2023
0.621371192,6349,INT650,Royal Enfield Cruiser,2023
1.864113577,6349,INT650,Royal Enfield Cruiser,2023
0,6149,INT650,Royal Enfield Cruiser,2023
3.106855961,6849,INT650,Royal Enfield Cruiser,2023
3.728227153,6849,INT650,Royal Enfield Cruiser,2023
1.864113577,6849,INT650,Royal Enfield Cruiser,2023
0,6299,INT650,Royal Enfield Cruiser,2022
0,6499,CONTINENTAL GT DUX DELUXE,Royal Enfield Standard,2022
0.621371192,6199,INT650,Royal Enfield Cruiser,2022
0.621371192,6199,CONTINENTAL GT ROCKER RED,Royal Enfield Standard,2022
0,4949,HIMALAYAN PINE GREEN,Royal Enfield Dual Sport,2022
0,4599,CLASSIC 350 SIGNALS DESERT SAND,Royal Enfield Standard,2022
0,6699,INT650,Royal Enfield Cruiser,2022
2578.690448,5499,INT650,Royal Enfield Cruiser,2022
0,6099,INT650,Royal Enfield Cruiser,2022
3.106855961,5495,INT650,Royal Enfield Cruiser,2022
0,6199,INT650,Royal Enfield Cruiser,2022
0.621371192,5369,INT650,Royal Enfield Cruiser,2022
0,6799,INT650,Royal Enfield Cruiser,2022
0.621371192,5825,INT650,Royal Enfield Cruiser,2022
1.864113577,6199,INT650,Royal Enfield Cruiser,2022
3.106855961,6199,INT650,Royal Enfield Cruiser,2022
0,5999,INT650,Royal Enfield Cruiser,2022
0.621371192,6699,INT650,Royal Enfield Cruiser,2022
1253.927066,4991,INT650 RAVISHING RED,Royal Enfield Standard,2021
0,5574,METEOR 350,Royal Enfield Standard,2023
0,6274,HIMALAYAN ABS,Royal Enfield Dual Sport,2023
0,5474,METEOR 350,Royal Enfield Standard,2023
0,5874,SCRAM 411,Royal Enfield Dual Sport,2023
0,6924,INT 650,Royal Enfield Standard,2023
0,6149,INT650 CANYON RED,Royal Enfield Standard,2023
0,4599,CLASSIC 350 HALCYON GREEN,Royal Enfield Classic / Vintage,2023
0,7149,CONTINENTAL GT 650 MR.CLEAN BASE,Royal Enfield Standard,2023
391.4638511,6199,INT650,Royal Enfield Standard,2022
0,4499,CLASSIC 350 HALCYON BLACK,Royal Enfield Standard,2022
0,4949,HIMALAYAN GRAVEL GREY,Royal Enfield Dual Sport,2022
0,4949,HIMALAYAN GRAVEL GREY,Royal Enfield Standard,2022
1.864113577,3999,CLASSIC 350 HALCYON GREY,Royal Enfield Standard,2022
0,5999,CONTINENTAL GT BRITISH RACING GREEN,Royal Enfield Standard,2022
2.485484769,4649,HIMALAYAN GRAVEL GREY,Royal Enfield Sportbike,2022
377.1723137,4999,HIMALAYAN,Royal Enfield Dual Sport,2021
889.8035473,4299,HIMALAYAN GRANITE BLACK,Royal Enfield Standard,2021
1659.061083,6999,CLASSIC 500 ARMY,Royal Enfield Cruiser,2018
3.106855961,4699,METEOR 350,Royal Enfield Cruiser,2023
0,4799,CLASSIC 350 CHROME RED,Royal Enfield Standard,2023
0,6349,INT650 DOWNTOWN DRAG,Royal Enfield Standard,2023
6.213711922,6349,CONTINENTAL GT 650,Royal Enfield Standard,2023
0.621371192,4830,HIMALAYAN,Royal Enfield Standard,2022
0.621371192,4935,HIMALAYAN,Royal Enfield Standard,2022
0.621371192,5399,INT650 CANYON RED,Royal Enfield Standard,2022
0,5299,HIMALAYAN MIRAGE SILVER,Royal Enfield Dual Sport,2022
0,5099,SCRAM 411 GRAPHITE BLUE,Royal Enfield Standard,2023
0,4899,METEOR 350 SUPERNOVA BLUE,Royal Enfield Standard,2023
0,5099,SCRAM 411 SKYLINE BLUE,Royal Enfield Standard,2023
0,5099,SCRAM 411 BLAZING BLACK,Royal Enfield Standard,2023
0,5099,SCRAM 411 SILVER SPIRIT,Royal Enfield Standard,2023
0,5299,HIMALAYAN PINE GREEN,Royal Enfield Dual Sport,2022
0.621371192,6199,CONTINENTAL GT BRITISH GREEN,Royal Enfield Standard,2022
0,6499,CONTINENTAL GT MR. CLEAN,Royal Enfield Standard,2022
0,5999,CONTINENTAL GT DUX DELUXE,Royal Enfield Standard,2022
0.621371192,5999,INT650 CANYON RED,Royal Enfield Standard,2022
0,5899,CONTINENTAL GT ROCKER RED,Royal Enfield Standard,2022
1634.206236,5495,INT650 BAKER EXPRESS,Royal Enfield Standard,2021
3.728227153,6349,CONTINENTAL GT 650,Royal Enfield Cruiser,2023
0,4899,METEOR 350,Royal Enfield Cruiser,2023
1.864113577,4899,METEOR 350,Royal Enfield Cruiser,2023
0,6649,CONTINENTAL GT 650,Royal Enfield Cruiser,2023
0,7149,CONTINENTAL GT 650,Royal Enfield Cruiser,2023
0.621371192,6349,CONTINENTAL GT 650,Royal Enfield Cruiser,2023
0.621371192,6649,CONTINENTAL GT 650,Royal Enfield Cruiser,2023
6.213711922,7149,CONTINENTAL GT 650,Royal Enfield Cruiser,2023
0,7199,CONTINENTAL GT 650,Royal Enfield Cruiser,2023
155.3427981,6349,CONTINENTAL GT 650,Royal Enfield Cruiser,2023
0,6899,CONTINENTAL GT 650,Royal Enfield Cruiser,2023
3.106855961,4799,CLASSIC 350,Royal Enfield Standard,2023
0,5449,HIMALAYAN ROCK RED,Royal Enfield Standard,2023
4.970969538,5550,HIMALAYAN GRANITE BLACK,Royal Enfield Standard,2023
0,5449,HIMALAYAN GRAVEL GREY,Royal Enfield Dual Sport,2023
0,5099,SCRAM 411 GRAPHITE YELLOW,Royal Enfield Standard,2023
1.864113577,5449,HIMALAYAN GRAVEL GREY,Royal Enfield Standard,2023
4.970969538,5550,HIMALAYAN GRAVEL GREY,Royal Enfield Standard,2023
0,4799,CLASSIC 350 CHROME BRONZE,Royal Enfield Standard,2023
1.864113577,4799,CLASSIC 350 CHROME RED,Royal Enfield Standard,2023
0,5449,HIMALAYAN LAKE BLUE,Royal Enfield Dual Sport,2023
0.621371192,5099,SCRAM 411 GRAPHITE BLUE,Royal Enfield Standard,2023
1.242742384,4799,METEOR 350 SUPERNOVA BLUE,Royal Enfield Standard,2023
0,6199,CONTINENTAL GT ROCKER RED,Royal Enfield Standard,2022
0,6499,CONTINENTAL GT 650 TWIN,Royal Enfield Standard,2022
0,4499,CLASSIC 350,Royal Enfield Standard,2022
0,5299,HIMALAYAN,Royal Enfield Standard,2022
0,5699,INT650 VENTURA BLUE,Royal Enfield Standard,2022
0.621371192,6699,INT650 MARK 2,Royal Enfield Standard,2022
4.970969538,4799,HIMALAYAN PINE GREEN,Royal Enfield Dual Sport,2022
0.621371192,6499,CONTINENTAL GT VENTURA STORM,Royal Enfield Standard,2022
4.970969538,4299,HIMALAYAN PINE GREEN,Royal Enfield Dual Sport,2022
0,4499,CLASSIC 350 HALCYON GREEN,Royal Enfield Standard,2022
0.621371192,4699,CLASSIC 350 CHROME RED,Royal Enfield Standard,2022
6.213711922,4499,CLASSIC 350 REBORN,Royal Enfield Classic / Vintage,2022
791.0055277,4995,CONTINENTAL GT 650,Royal Enfield Cruiser,2021
1938.67812,4899,METRO 350,Royal Enfield Standard,2021
1350.239601,3999,HIMALAYAN SLEET GREY,Royal Enfield Standard,2021
2967.047443,4799,HIMALAYAN SNOW WHITE,Royal Enfield Standard,2021
1.864113577,5449,HIMALAYAN,Royal Enfield Standard,2023
1.864113577,6149,INT650,Royal Enfield Cruiser,2023
3.106855961,6149,INT650,Royal Enfield Cruiser,2023
31.6899308,6149,INT650,Royal Enfield Cruiser,2023
0.621371192,6149,INT650,Royal Enfield Cruiser,2023
0.621371192,6149,INT650,Royal Enfield Cruiser,2023
1.864113577,6349,CONTINENTAL GT BASE,Royal Enfield Standard,2023
1.864113577,5099,SCRAM 411 BASE,Royal Enfield Standard,2023
1.864113577,5099,SCRAM 411 BASE,Royal Enfield Standard,2023
1.864113577,6849,INT650 MARK 2,Royal Enfield Standard,2023
3.106855961,5099,SCRAMBLER 411,Royal Enfield Dual Sport,2023
3.106855961,5099,SCRAMBLER 411,Royal Enfield Standard,2023
3.106855961,6649,CONTINENTAL GT65 BASE,Royal Enfield Standard,2023
6.213711922,4799,CLASSIC 350 HALCYON GREEN,Royal Enfield Standard,2023
4.970969538,5550,HIMALAYAN MIRAGE SILVER,Royal Enfield Standard,2023
6.213711922,5099,SCRAM 411 GRAPHITE RED,Royal Enfield Standard,2023
6.213711922,5449,HIMALAYAN GRANITE BLACK,Royal Enfield Standard,2023
6.213711922,5099,SCRAM 411 BLAZING BLACK,Royal Enfield Standard,2023
0,6649,CONTINENTAL GT 650 DUX DELUXE BASE,Royal Enfield Standard,2023
6.213711922,5099,SCRAM 411 BLAZING BLACK,Royal Enfield Standard,2023
18.64113577,4995,SCRAM 411 GRAPHITE RED,Royal Enfield Standard,2023
6.213711922,4799,CLASSIC 350 CHROME BRONZE,Royal Enfield Standard,2023
0,5099,SCRAM 411 SKYLINE BLUE,Royal Enfield Standard,2023
0,5099,SCRAM 411 BLAZING BLACK,Royal Enfield Standard,2023
3.106855961,4799,METEOR 350,Royal Enfield Standard,2023
0.621371192,4699,METEOR 350 FIREBALL YELLOW,Royal Enfield Standard,2023
0,4899,SCRAM 411,Royal Enfield Dual Sport,2023
3424.37664,5988,INTERCEPTOR 650,Royal Enfield Cruiser,2022
0,6099,INT650,Royal Enfield Cruiser,2022
0.621371192,5999,INT650,Royal Enfield Cruiser,2022
0,5999,INT650,Royal Enfield Cruiser,2022
3.106855961,5495,INT650,Royal Enfield Cruiser,2022
0,4599,CLASSIC 350,Royal Enfield Standard,2022
0,6199,INT650,Royal Enfield Standard,2022
0,6999,CONTINENTAL GT 650 TWIN,Royal Enfield Standard,2022
3.106855961,5299,HIMALAYAN,Royal Enfield Dual Sport,2022
0,6199,CONTINENTAL GT ROCKER RED,Royal Enfield Standard,2022
0.621371192,6499,CONTINENTAL GT DUX DELUXE,Royal Enfield Standard,2022
1180.605265,4950,HIMALAYAN BASE,Royal Enfield Dual Sport,2022
0,4599,CLASSIC 350 DARK STEALTH BLACK,Royal Enfield Standard,2022
0.621371192,5299,HIMALAYAN MIRAGE SILVER,Royal Enfield Dual Sport,2022
0.621371192,6999,CONTINENTAL GT MR. CLEAN,Royal Enfield Standard,2022
0,5299,HIMALAYAN GRANITE BLACK,Royal Enfield Dual Sport,2022
6.213711922,4799,HIMALAYAN,Royal Enfield Standard,2022
0,5299,HIMALAYAN LAKE BLUE,Royal Enfield Dual Sport,2022
6.213711922,4699,CLASSIC 350 CHROME RED,Royal Enfield Classic / Vintage,2022
1318.54967,4591,METEOR 350 STELLAR BLUE,Royal Enfield Standard,2021
0,5099,SCRAM 411,Royal Enfield Custom,2023
3.106855961,4799,METEOR 350,Royal Enfield Cruiser,2023
0,4799,METEOR 350,Royal Enfield Cruiser,2023
0,4699,METEOR 350,Royal Enfield Standard,2023
0,4799,METEOR 350,Royal Enfield Standard,2023
0,5449,HIMALAYAN,Royal Enfield Standard,2023
1.864113577,5099,SCRAM 411 BASE,Royal Enfield Standard,2023
1.864113577,4599,METEOR 350 STELLAR BLACK,Royal Enfield Standard,2023
1.242742384,5099,SCRAM 411 WHITE FLAME,Royal Enfield Standard,2023
1.864113577,5099,SCRAM 411 SILVER SPIRIT,Royal Enfield Standard,2023
3.106855961,4799,CLASSIC,Royal Enfield Standard,2023
3.106855961,5449,HIMALAYAN,Royal Enfield Standard,2023
0,6649,CONTINENTAL GT,Royal Enfield Standard,2023
1.242742384,6649,CONTINENTAL GT 650 DUX DELUXE BASE,Royal Enfield Standard,2023
1.242742384,6149,INT650 ORANGE CRUSH,Royal Enfield Standard,2023
3.106855961,5099,SCRAM 411 GRAPHITE BLUE,Royal Enfield Standard,2023
1.864113577,5099,SCRAM 411 GRAPHITE RED,Royal Enfield Standard,2023
6.213711922,5099,SCRAM 411 WHITE FLAME,Royal Enfield Standard,2023
6.213711922,5449,HIMALAYAN ROCK RED,Royal Enfield Standard,2023
6.213711922,5099,SCRAM 411 GRAPHITE BLUE,Royal Enfield Standard,2023
0.621371192,5099,SCRAM 411 SILVER SPIRIT,Royal Enfield Standard,2023
0,5099,SCRAM 411 GRAPHITE BLUE,Royal Enfield Standard,2023
0,5299,HIMALAYAN HIMALAYAN,Royal Enfield Standard,2022
0,4949,HIMALAYAN GRAVEL GREY,Royal Enfield Standard,2022
0,6199,CONTINENTAL GT 650 TWIN,Royal Enfield Standard,2022
0,4699,CLASSIC 350,Royal Enfield Standard,2022
1.864113577,4530,HIMALAYAN BASE,Royal Enfield Dual Sport,2022
6.213711922,4599,CLASSIC 350,Royal Enfield Standard,2022
0.621371192,5299,HIMALAYAN,Royal Enfield Standard,2022
3.728227153,4995,INT650 VENTURA BLUE,Royal Enfield Standard,2022
3.106855961,6349,BAKER EXPRESS,Royal Enfield Standard,2022
3.728227153,6199,CONTINENTAL GT 650,Royal Enfield Standard,2022
1.242742384,3995,CLASSIC 350 SIGNALS DESERT SAND,Royal Enfield Standard,2022
3.106855961,6499,CONTINENTAL GT 650,Royal Enfield Standard,2022
0.621371192,5299,HIMALAYAN PINE GREEN,Royal Enfield Dual Sport,2022
3.106855961,5299,HIMALAYAN,Royal Enfield Dual Sport,2022
0,5899,INT650 BAKER EXPRESS,Royal Enfield Standard,2022
0,4999,HIMALAYAN PINE GREEN,Royal Enfield Dual Sport,2022
0,6299,INT650 MARK 2,Royal Enfield Standard,2022
0.621371192,5999,INT650 ORANGE CRUSH,Royal Enfield Standard,2022
1.864113577,6499,CONTINENTAL GT VENTURA STORM,Royal Enfield Standard,2022
1480.10618,4999,HIMALAYAN GRANITE BLACK,Royal Enfield Standard,2022
0,4499,CLASSIC 350 HALCYON BLACK,Royal Enfield Standard,2022
0,5699,INT650 CANYON RED,Royal Enfield Standard,2022
0,5899,INT650 SUNSET STRIP,Royal Enfield Standard,2022
0,6699,CONTINENTAL GT VENTURA STORM,Royal Enfield Standard,2022
3.106855961,4599,CLASSIC 350,Royal Enfield Standard,2022
13.04879504,6499,CONTINENTAL GT 650,Royal Enfield Standard,2022
6.213711922,5899,INTERCEPTOR 650,Royal Enfield Standard,2022
0,4168,CLASSIC 350,Royal Enfield Cruiser,2022
4345.248747,5495,CONTINENTAL GT MISTER CLEAN,Royal Enfield Standard,2020
0,6349,INT650 DOWNTOWN DRAG,Royal Enfield Standard,2023
0,5099,SCRAM 411 - WHITE FLAME,Royal Enfield Standard,2023
1.242742384,5099,SCRAMBLER SCRAM411,Royal Enfield Standard,2023
0,6149,INTERCEPTOR 650,Royal Enfield Standard,2023
0,5550,HIMALAYAN HIMALAYAN,Royal Enfield Standard,2023
3.106855961,5099,SCRAM 411,Royal Enfield Standard,2023
1.864113577,5099,SCRAM 411 BASE,Royal Enfield Standard,2023
1.864113577,5099,SCRAM 411 BASE,Royal Enfield Standard,2023
1.864113577,4699,METEOR 350 BASE,Royal Enfield Cruiser,2023
1.864113577,5099,SCRAM 411 BASE,Royal Enfield Standard,2023
3.106855961,5099,SCRAM 411 GRAPHITE YELLOW,Royal Enfield Standard,2023
1.242742384,4995,SCRAM 411 BLAZING BLACK,Royal Enfield Standard,2023
4.349598346,4699,METEOR 350,Royal Enfield Cruiser,2023
0.621371192,5549,SCRAM 411,Royal Enfield Dual Sport,2023
3.106855961,4799,CLASSIC 350,Royal Enfield Standard,2023
3.106855961,6149,INTERCEPTOR 650,Royal Enfield Standard,2023
3.106855961,4799,METEOR 350,Royal Enfield Dual Sport,2023
0.621371192,4899,METEOR 350 SUPERNOVA BROWN,Royal Enfield Standard,2023
6.213711922,5849,CONTINENTAL GT 650 ROCKER RED,Royal Enfield Standard,2023
3.106855961,6149,INT650 ORANGE CRUSH,Royal Enfield Standard,2023
466.0283942,4995,SCRAM 411 WHITE FLAME,Royal Enfield Standard,2023
6.213711922,4699,CLASSIC 350 MARSH GREY,Royal Enfield Classic / Vintage,2023
0,7389,HIMALAYAN,Royal Enfield Standard,2022
0,5999,INT650,Royal Enfield Standard,2022
1.242742384,3995,CLASSIC 350 CHROME BRONZE,Royal Enfield Standard,2022
330.5694743,4999,HIMALAYAN GRANITE BLACK,Royal Enfield Standard,2022
359.1525491,4199,CLASSIC 350 DARK STEALTH BLACK,Royal Enfield Standard,2022
1.242742384,3995,CLASSIC 350 CHROME RED,Royal Enfield Standard,2022
0.621371192,10995,INT650 BAKER EXPRESS,Royal Enfield Standard,2022
6.213711922,5299,HIMALAYAN LAKE BLUE,Royal Enfield Standard,2022
4.349598346,6199,CONTINENTAL GT BRITISH RACING GREEN,Royal Enfield Standard,2022
0.621371192,6199,INT650 SUNSET STRIP,Royal Enfield Standard,2022
6.213711922,6699,INT650 MARK 2,Royal Enfield Standard,2022
6.213711922,6499,CONTINENTAL GT VENTURA STORM,Royal Enfield Standard,2022
4.349598346,6499,CONTINENTAL GT VENTURA STORM,Royal Enfield Standard,2022
3.106855961,4299,HIMALAYAN MIRAGE SILVER,Royal Enfield Dual Sport,2022
6.213711922,4549,METEOR FIREBALL RED,Royal Enfield Standard,2022
0,6099,CONTINENTAL GT DUX DELUXE,Royal Enfield Standard,2022
0.621371192,6499,CONTINENTAL GT DUX DELUXE,Royal Enfield Standard,2022
6.213711922,5899,INT650,Royal Enfield Cruiser,2022
4452.124592,4799,HIMALAYAN,Royal Enfield Dual Sport,2021
0,6649,CONTINENTAL GT650 DUX DELUXE,Royal Enfield Standard,2023
0,4799,CLASSIC 350,Royal Enfield Standard,2023
0,5449,HIMALAYAN HIMALAYAN,Royal Enfield Standard,2023
0,4699,METEOR 350,Royal Enfield Cruiser,2023
1.864113577,4799,METEOR 350 BASE,Royal Enfield Cruiser,2023
1.864113577,5099,SCRAM 411 BASE,Royal Enfield Standard,2023
3.106855961,6849,INT650 USA CA MARK 2,Royal Enfield Standard,2023
6.213711922,7149,CONTINENTAL GT 650 MR.CLEAN BASE,Royal Enfield Standard,2023
6.213711922,6999,CONTINENTAL GT 650 MR.CLEAN BASE,Royal Enfield Standard,2023
6.213711922,4599,CLASSIC 350 HALCYON GREY,Royal Enfield Standard,2023
6.213711922,4699,CLASSIC 350 SIGNALS MARSH GREY,Royal Enfield Standard,2023
0,5099,SCRAM 411 GRAPHITE RED,Royal Enfield Standard,2023
6.213711922,6149,CONTINENTAL GT 650 DUX DELUXE BASE,Royal Enfield Standard,2023
6.213711922,5849,INT650 SUNSET STRIP,Royal Enfield Standard,2023
6.213711922,4599,CLASSIC 350 HALCYON BLACK,Royal Enfield Standard,2023
6.213711922,5849,CONTINENTAL GT 650 BRITISH RACING GREEN,Royal Enfield Standard,2023
6.213711922,4799,CLASSIC 350 CHROME BRONZE,Royal Enfield Standard,2023
6.213711922,4799,CLASSIC 350 DARK GUNMETAL GREY,Royal Enfield Standard,2023
6.213711922,5649,INT650 CANYON RED,Royal Enfield Standard,2023
6.213711922,6149,INT650 ORANGE CRUSH,Royal Enfield Standard,2023
6.213711922,5849,INT650 BAKER EXPRESS,Royal Enfield Standard,2023
6.213711922,6149,INT650 ORANGE CRUSH,Royal Enfield Standard,2023
6.213711922,3999,SCRAM 411 GRAPHITE BLUE,Royal Enfield Standard,2023
3.106855961,6149,CONTINENTAL GT 650 VENTURA STORM,Royal Enfield Standard,2023
0.621371192,4699,METEOR 350 FIREBALL BLUE,Royal Enfield Standard,2023
6.213711922,3999,SCRAM 411 SKYLINE BLUE,Royal Enfield Standard,2023
1.242742384,5449,HIMALAYAN GRANITE BLACK,Royal Enfield Standard,2023
6.213711922,4599,CLASSIC 350 HALCYON GREEN,Royal Enfield Standard,2023
6.213711922,5649,INT650 VENTURA BLUE,Royal Enfield Standard,2023
6.213711922,6349,INT650 DOWNTOWN DRAG,Royal Enfield Standard,2023
1.242742384,6349,INT650 SUNSET STRIP,Royal Enfield Standard,2023
6.213711922,4899,CLASSIC 350 CHROME BRONZE,Royal Enfield Standard,2023
0,6349,INTERCEPTOR 650,Royal Enfield Standard,2023
0,4795,HIMALAYAN,Royal Enfield Standard,2022
0,4399,METEOR 350,Royal Enfield Standard,2022
0,3999,HIMALAYAN VMUV30PN BASE,Royal Enfield Standard,2022
1.864113577,5069,INT650 BASE,Royal Enfield Standard,2022
0,6176,METEOR 350 STELLAR RED,Royal Enfield Standard,2022
1.864113577,5223,INT650 BASE,Royal Enfield Standard,2022
1.864113577,5608,INT650 BASE,Royal Enfield Standard,2022
1.864113577,5069,INT650 BASE,Royal Enfield Standard,2022
3.106855961,4995,INT650 DOWNTOWN DRAG,Royal Enfield Standard,2022
466.6497654,5099,HIMALAYAN GRANITE BLACK,Royal Enfield Standard,2022
0.621371192,5299,HIMALAYAN,Royal Enfield Standard,2022
0,5299,HIMALAYAN PINE GREEN,Royal Enfield Dual Sport,2022
6.213711922,3999,METEOR STELLAR RED,Royal Enfield Standard,2022
1.242742384,4995,INT650 DOWNTOWN DRAG,Royal Enfield Standard,2022
0,4799,HIMALAYAN ABS,Royal Enfield Dual Sport,2022
0,4649,METEOR,Royal Enfield Standard,2022
5.59234073,4499,CLASSIC 350,Royal Enfield Cruiser,2022
703.3921896,4185,HIMALAYAN SLEET GREY,Royal Enfield Standard,2021
3589.661378,3900,HIMALAYAN,Royal Enfield Standard,2019
3309.42297,4649,CLASSIC 500,Royal Enfield Classic / Vintage,2017
3.728227153,4799,METEOR 350,Royal Enfield Cruiser,2023
3.728227153,4899,METEOR 350,Royal Enfield Cruiser,2023
0,6149,INT650,Royal Enfield Standard,2023
0,6649,CONTINENTAL GT 650,Royal Enfield Standard,2023
0,5550,HIMALAYAN,Royal Enfield Standard,2023
0,5099,SCRAMBLER SCRAM411,Royal Enfield Standard,2023
0,5099,SCRAM 411 - GRAPHITE BLUE,Royal Enfield Standard,2023
0,5099,SCRAM 411 - BLAZING BLACK,Royal Enfield Standard,2023
0,5099,SCRAM 411 - SKYLINE BLUE,Royal Enfield Standard,2023
1.242742384,6649,CONTINENTAL GT 650 DUX DELUXE BASE,Royal Enfield Standard,2023
0,4899,METEOR 350 BASE,Royal Enfield Cruiser,2023
6.213711922,5099,SCRAM 411 SILVER SPIRIT,Royal Enfield Standard,2023
3.106855961,5099,SCRAM 411,Royal Enfield Dual Sport,2023
6.213711922,5099,SCRAM 411 GRAPHITE YELLOW,Royal Enfield Standard,2023
1.864113577,6649,CONTINENTAL GT 650 VENTURA STORM,Royal Enfield Standard,2023
6.213711922,6576,HIMALAYAN GRAVEL GREY,Royal Enfield Standard,2023
6.213711922,5550,HIMALAYAN GRAVEL GREY,Royal Enfield Standard,2023
6.213711922,4799,METEOR 350 STELLAR BLUE,Royal Enfield Standard,2023
6.213711922,5099,SCRAM 411 WHITE FLAME,Royal Enfield Standard,2023
6.213711922,4899,METEOR 350 SUPERNOVA BROWN,Royal Enfield Standard,2023
1.242742384,6349,INT650 BAKER EXPRESS,Royal Enfield Standard,2023
6.213711922,6649,CONTINENTAL GT 650 VENTURA STORM,Royal Enfield Standard,2023
6.213711922,4799,CLASSIC 350 DARK STEALTH BLACK,Royal Enfield Standard,2023
6.213711922,5099,SCRAM 411 GRAPHITE YELLOW,Royal Enfield Standard,2023
6.213711922,6349,INT650 MARK 2,Royal Enfield Standard,2023
6.213711922,5550,HIMALAYAN ROCK RED,Royal Enfield Standard,2023
6.213711922,6649,CONTINENTAL GT 650 DUX DELUXE BASE,Royal Enfield Standard,2023
6.213711922,4799,METEOR 350 STELLAR BLACK,Royal Enfield Standard,2023
3.106855961,4699,METEOR 350 FIREBALL MATT GREEN,Royal Enfield Standard,2023
6.213711922,5099,SCRAM 411 GRAPHITE RED,Royal Enfield Standard,2023
6.213711922,5550,HIMALAYAN LAKE BLUE,Royal Enfield Standard,2023
6.213711922,5550,HIMALAYAN GRANITE BLACK,Royal Enfield Standard,2023
6.213711922,4699,METEOR 350 FIREBALL YELLOW,Royal Enfield Standard,2023
6.213711922,4899,METEOR 350 SUPERNOVA RED,Royal Enfield Standard,2023
3.106855961,5099,SCRAM 411 BLAZING BLACK,Royal Enfield Standard,2023
6.213711922,7149,CONTINENTAL GT 650 MR.CLEAN BASE,Royal Enfield Standard,2023
6.213711922,5480,SCRAM 411 BLAZING BLACK,Royal Enfield Standard,2023
3.106855961,4699,METEOR 350 FIREBALL BLUE,Royal Enfield Standard,2023
0,4649,METEOR FIREBALL YELLOW,Royal Enfield Cruiser,2023
1.242742384,4899,METEOR 350,Royal Enfield Cruiser,2023
0,11699,CONTINENTAL GT 650 TWIN W/SIDECAR,Royal Enfield Standard,2022
0.621371192,4822,HIMALAYAN,Royal Enfield Standard,2022
0,4999,HIMALAYAN,Royal Enfield Standard,2022
1.864113577,5444,CONTINENTAL GT650,Royal Enfield Standard,2022
1.864113577,5444,CONTINENTAL GT BASE,Royal Enfield Standard,2022
1.864113577,5223,INT650 BASE,Royal Enfield Standard,2022
1.864113577,4030,METEOR 350 BASE,Royal Enfield Dual Sport,2022
1.864113577,5223,CONTINENTAL GT BASE,Royal Enfield Standard,2022
3.106855961,4897,INT650 DOWNTOWN DRAG,Royal Enfield Standard,2022
1.864113577,5299,HIMALAYAN ROCK RED,Royal Enfield Standard,2022
0,6199,INT650 DOWNTOWN DRAG,Royal Enfield Standard,2022
0,6699,INT650 MARK 2,Royal Enfield Standard,2022
0,5092,CLASSIC 350 CHROME BRONZE,Royal Enfield Standard,2022
1.864113577,6499,CONTINENTAL GT DUX DELUXE,Royal Enfield Standard,2022
6.213711922,4695,CLASSIC 350 HALCYON BLACK,Royal Enfield Standard,2022
6.213711922,5299,HIMALAYAN GRAVEL GREY,Royal Enfield Standard,2022
6.213711922,4695,CLASSIC 350 HALCYON GREY,Royal Enfield Standard,2022
6.213711922,6499,CONTINENTAL GT DUX DELUXE,Royal Enfield Standard,2022
0.621371192,5299,HIMALAYAN,Royal Enfield Dual Sport,2022
0,4999,METEOR 350,Royal Enfield Cruiser,2022
1371.366221,4550,HIMALAYAN SLEET GREY,Royal Enfield Standard,2021
1020.291498,9999,INT650,Royal Enfield Standard,2020
0,4649,METEOR 350,Royal Enfield Standard,2023
0,4699,METEOR 350 STELLAR BLACK,Royal Enfield Standard,2023
0,5099,SCRAM 411 - SILVER SPIRIT,Royal Enfield Standard,2023
0,5099,SCRAM 411 -WHITE FLAME,Royal Enfield Standard,2023
1.864113577,6149,INT650 BASE,Royal Enfield Standard,2023
0,5099,SCRAM 411- GRAPHITE RED,Royal Enfield Standard,2023
1.864113577,6649,CONTINENTAL GT 650,Royal Enfield Standard,2023
1.864113577,6349,CONTINENTAL GT650,Royal Enfield Standard,2023
0,5099,SCRAM 411 - GRAPHITE YELLOW,Royal Enfield Standard,2023
1.864113577,6349,CONTINENTAL GT 650,Royal Enfield Standard,2023
0.621371192,5099,SCRAM 411 SILVER SPIRIT,Royal Enfield Standard,2023
1.242742384,6849,INT650 MARK 2,Royal Enfield Standard,2023
0.621371192,6149,INT650 VENTURA BLUE,Royal Enfield Standard,2023
6.213711922,6349,INT650 BAKER EXPRESS,Royal Enfield Standard,2023
6.213711922,5550,HIMALAYAN MIRAGE SILVER,Royal Enfield Standard,2023
6.213711922,4699,METEOR 350 FIREBALL RED,Royal Enfield Standard,2023
6.213711922,4699,CLASSIC 350 SIGNALS DESERT SAND,Royal Enfield Standard,2023
6.213711922,6149,INT650 VENTURA BLUE,Royal Enfield Standard,2023
1.242742384,6649,CONTINENTAL GT 650 DUX DELUXE BASE,Royal Enfield Standard,2023
6.213711922,4799,CLASSIC 350 CHROME BRONZE,Royal Enfield Standard,2023
6.213711922,4899,METEOR 350 SUPERNOVA BLUE,Royal Enfield Standard,2023
6.213711922,4799,CLASSIC 350 CHROME RED,Royal Enfield Standard,2023
0,4699,METEOR 350 FIREBALL RED,Royal Enfield Cruiser,2023
0,3999,METEOR 350,Royal Enfield Cruiser,2022
0,4299,METEOR 350,Royal Enfield Cruiser,2022
0,19999,CONTINENTAL GT 650 120TH ANNIVERSARY EDITION,Royal Enfield Sportbike,2022
0,5699,INT650 CANYON RED,Royal Enfield Standard,2022
0,5699,INT 650 ORANGE CRUSH,Royal Enfield Standard,2022
1.864113577,5444,CONTIENETAL GT650,Royal Enfield Standard,2022
3085.729341,4995,INT650 CANYON RED,Royal Enfield Standard,2022
1.242742384,4499,CLASSIC 350 HALCYON BLACK,Royal Enfield Standard,2022
3.728227153,5995,CONTINENTAL GT VENTURA STORM,Royal Enfield Standard,2022
4.970969538,3898,CLASSIC 350 CHROME RED,Royal Enfield Standard,2022
0,5999,INT650 VENTURA BLUE,Royal Enfield Standard,2022
1.864113577,5299,HIMALAYAN PINE GREEN,Royal Enfield Dual Sport,2022
1.242742384,4995,INT650 DOWNTOWN DRAG,Royal Enfield Standard,2022
6.213711922,5299,HIMALAYAN MIRAGE SILVER,Royal Enfield Dual Sport,2022
6.213711922,5999,INT650 VENTURA BLUE,Royal Enfield Standard,2022
771.1216496,4899,HIMALAYAN ROCK RED,Royal Enfield Standard,2022
6.213711922,6199,CONTINENTAL GT 650,Royal Enfield Standard,2022
3004.951086,5288,CONTINENTAL GT ICE QUEEN,Royal Enfield Standard,2019
351.6960948,4999,CLASSIC BATTLE GREEN,Royal Enfield Classic / Vintage,2018
0,6210,CLASSIC 350,Royal Enfield Cruiser,2023
3.728227153,4699,METEOR 350,Royal Enfield Cruiser,2023
1.864113577,4030,METEOR 350 BASE,Royal Enfield Cruiser,2023
1.864113577,5099,SCRAM 411 SKYLINE BLUE,Royal Enfield Standard,2023
0,4799,METEOR 350 BASE,Royal Enfield Cruiser,2023
0,6499,CONTINENTAL GT650,Royal Enfield Standard,2023
0,5449,HIMALAYAN GRANITE BLACK,Royal Enfield Scooter,2023
1.242742384,5099,SCRAM 411 GRAPHITE YELLOW,Royal Enfield Standard,2023
0,5099,SCRAM 411 GRAPHITE BLUE,Royal Enfield Standard,2023
2.485484769,5099,SCRAM 411 GRAPHITE BLUE,Royal Enfield Standard,2023
1.864113577,6349,INT650 SUNSET STRIP,Royal Enfield Standard,2023
1.242742384,5099,SCRAM 411 GRAPHITE RED,Royal Enfield Standard,2023
1.242742384,5099,SCRAM 411 SKYLINE BLUE,Royal Enfield Standard,2023
1.242742384,5099,SCRAM 411 WHITE FLAME,Royal Enfield Standard,2023
1.242742384,5099,SCRAM 411 GRAPHITE BLUE,Royal Enfield Standard,2023
6.213711922,6149,INT650 CANYON RED,Royal Enfield Standard,2023
6.213711922,6849,INT650 MARK 2,Royal Enfield Standard,2023
1.864113577,5449,HIMALAYAN GRANITE BLACK,Royal Enfield Standard,2023
0,5099,SCRAM 411 GRAPHITE BLUE,Royal Enfield Standard,2023
6.213711922,5449,HIMALAYAN GRANITE BLACK,Royal Enfield Standard,2023
6.213711922,5099,SCRAM 411 WHITE FLAME,Royal Enfield Standard,2023
6.213711922,5449,HIMALAYAN GRANITE BLACK,Royal Enfield Standard,2023
1.242742384,5099,SCRAM 411 BLAZING BLACK,Royal Enfield Standard,2023
0,6149,INTERCEPTOR 650,Royal Enfield Standard,2023
1.242742384,5299,HIMALAYAN,Royal Enfield Standard,2022
0,5299,HIMALAYAN,Royal Enfield Standard,2022
0,4249,METEOR 350,Royal Enfield Cruiser,2022
0,5499,INT650,Royal Enfield Cruiser,2022
0,4799,HIMALAYAN,Royal Enfield Standard,2022
1.864113577,5223,INT650 BASE,Royal Enfield Standard,2022
0,6499,CONTINENTAL GT650,Royal Enfield Standard,2022
1.864113577,3876,CLASSIC 350 BASE,Royal Enfield Cruiser,2022
3.106855961,3995,CLASSIC 350 HALCYON GREY,Royal Enfield Standard,2022
1.864113577,5839,CONTINENTAL GT BASE,Royal Enfield Standard,2022
0,4599,CLASSIC 350 US CA SIGNALS DESERT,Royal Enfield Standard,2022
0,6299,CONTINENTAL GT 650,Royal Enfield Standard,2022
3.106855961,5995,CONTINENTAL GT VENTURA STORM,Royal Enfield Standard,2022
0,6499,CONTINENTAL GT VENTURA STORM,Royal Enfield Standard,2022
0,6499,CONTINENTAL GT DUX DELUXE,Royal Enfield Standard,2022
0.621371192,6199,INT650 DOWNTOWN DRAG,Royal Enfield Standard,2022
1.242742384,3995,CLASSIC 350 CHROME RED,Royal Enfield Standard,2022
1.242742384,3995,CLASSIC 350 CHROME BRONZE,Royal Enfield Standard,2022
0,6199,CONTINENTAL GT ROCKER RED,Royal Enfield Standard,2022
2.485484769,3995,HIMALAYAN PINE GREEN,Royal Enfield Dual Sport,2022
1.242742384,3995,CLASSIC 350 CHROME RED,Royal Enfield Standard,2022
0.621371192,6199,CONTINENTAL GT BRITISH RACING GREEN,Royal Enfield Standard,2022
0,4499,CLASSIC 350 HALCYON GREY,Royal Enfield Standard,2022
0.621371192,4749,METEOR STELLAR BLACK,Royal Enfield Standard,2022
1.242742384,5995,CONTINENTAL GT DUX DELUXE,Royal Enfield Standard,2022
6.213711922,5699,INT650,Royal Enfield Standard,2022
6.213711922,4699,CLASSIC 350 CHROME BRONZE,Royal Enfield Classic / Vintage,2022
528.1655134,3599,CLASSIC 350 HALCYON GREEN,Royal Enfield Standard,2022
6.213711922,5699,INTERCEPTOR 650,Royal Enfield Standard,2022
0,5499,INT650,Royal Enfield Cruiser,2021
0,5499,CONTINENTAL GT 650,Royal Enfield Cruiser,2021
3488.999244,3995,HIMALAYAN ROCK RED,Royal Enfield Standard,2021
0,6349,INT650,Royal Enfield Standard,2023
0,4799,METEOR 350 BASE,Royal Enfield Cruiser,2023
1.864113577,4899,METEOR 350 BASE,Royal Enfield Cruiser,2023
0.621371192,3999,HUNTER 350 DAPPER WHITE,Royal Enfield Standard,2023
0.621371192,5449,HIMALAYAN,Royal Enfield Standard,2023
0,6349,CONTINENTAL GT,Royal Enfield Standard,2023
0,5099,SCRAM 411,Royal Enfield Standard,2023
0,6849,INT650,Royal Enfield Standard,2023
0.621371192,6349,INT650 BAKER EXPRESS,Royal Enfield Standard,2023
0,5099,SCRAM 411 SKYLINE BLUE,Royal Enfield Standard,2023
6.213711922,4699,METEOR 350 FIREBALL RED,Royal Enfield Standard,2023
1.242742384,4899,METEOR 350 FIREBALL RED,Royal Enfield Standard,2023
1.242742384,4799,METEOR 350 SUPERNOVA BLUE,Royal Enfield Standard,2023
1.242742384,6349,INT650 BAKER EXPRESS,Royal Enfield Standard,2023
1.864113577,4699,METEOR 350 FIREBALL RED,Royal Enfield Standard,2023
0,4799,CLASSIC 350,Royal Enfield Scooter,2023
4.970969538,5999,INT650 ORANGE CRUSH,Royal Enfield Standard,2023
4.970969538,4699,CLASSIC 350 HALCYON BLACK,Royal Enfield Standard,2023
4.970969538,4099,SCRAM 411 GRAPHITE RED,Royal Enfield Standard,2023
1.864113577,6349,INT650 DOWNTOWN DRAG,Royal Enfield Standard,2023
0,5099,SCRAM 411 WHITE FLAME,Royal Enfield Standard,2023
0,5099,SCRAM 411 GRAPHITE RED,Royal Enfield Standard,2023
0,5099,SCRAM 411 SKYLINE BLUE,Royal Enfield Standard,2023
6.213711922,5099,SCRAM 411 SILVER SPIRIT,Royal Enfield Standard,2023
0,4199,HUNTER 350 REBEL RED,Royal Enfield Standard,2023
1.864113577,5449,HIMALAYAN MIRAGE SILVER,Royal Enfield Standard,2023
6.213711922,5099,SCRAM 411 SKYLINE BLUE,Royal Enfield Standard,2023
6.213711922,4799,METEOR 350 STELLAR BLUE,Royal Enfield Standard,2023
0,3999,HUNTER 350 DAPPER ASH,Royal Enfield Standard,2023
6.213711922,4699,METEOR 350,Royal Enfield Cruiser,2023
1.242742384,5099,SCRAM 411,Royal Enfield Super Moto,2023
0,12100,CONTINENTAL GT CAFE RACER,Royal Enfield Standard,2022
0,4799,CLASSIC 350,Royal Enfield Standard,2022
2.485484769,4649,METEOR FIREBALL YELLOW,Royal Enfield Standard,2022
0,6199,CONTINENTAL GT,Royal Enfield Standard,2022
0.621371192,6499,CONTINENTAL GT650 SPECIAL BASE,Royal Enfield Standard,2022
0.621371192,6999,CONTINENTAL GT650 SPECIAL BASE,Royal Enfield Standard,2022
0,6499,CONTINENTAL GT 650 DUX DELUXE BASE,Royal Enfield Standard,2022
0.621371192,4699,CLASSIC 350 CHROME RED,Royal Enfield Standard,2022
0.621371192,6999,CONTINENTAL GT650 SPECIAL BASE,Royal Enfield Standard,2022
3.106855961,6199,CONTINENTAL GT ROCKER RED,Royal Enfield Standard,2022
0,4499,CLASSIC 350,Royal Enfield Standard,2022
0,6199,CONTINENTAL GT 650,Royal Enfield Standard,2022
0.621371192,4599,CLASSIC 350,Royal Enfield Cruiser,2022
0,6199,CONTINENTAL GT650 ROCKER RED,Royal Enfield Standard,2022
0,4699,CLASSIC 350,Royal Enfield Standard,2022
862.4632148,5999,CONTINENTAL GT MR. CLEAN,Royal Enfield Standard,2022
0,5999,INT650,Royal Enfield Standard,2022
1.864113577,4599,CLASSIC 350,Royal Enfield Cruiser,2022
0,4999,INT650 VENTURA BLUE,Royal Enfield Standard,2022
0,4699,CLASSIC 350 CHROME BRONZE,Royal Enfield Standard,2022
32.93267319,3999,CLASSIC 350 HALCYON GREY,Royal Enfield Custom,2022
4.970969538,3898,METEOR SUPERNOVA BROWN,Royal Enfield Standard,2022
4.970969538,5987,CONTINENTAL GT MR. CLEAN,Royal Enfield Standard,2022
0.621371192,6499,CONTINENTAL GT DUX DELUXE,Royal Enfield Standard,2022
0,6199,INT650 DOWNTOWN DRAG,Royal Enfield Standard,2022
0.621371192,5999,INT650 CANYON RED,Royal Enfield Standard,2022
164.0419948,5995,CONTINENTAL GT ROCKER RED,Royal Enfield Standard,2022
348.5892388,4000,METEOR STELLAR BLUE,Royal Enfield Standard,2022
0.621371192,4749,METEOR STELLAR BLUE,Royal Enfield Standard,2022
0,6099,CONTINENTAL GT VENTURA STORM,Royal Enfield Standard,2022
0,5999,INT650 ORANGE CRUSH,Royal Enfield Standard,2022
0,5299,HIMALAYAN LAKE BLUE,Royal Enfield Standard,2022
0,5299,HIMALAYAN PINE GREEN,Royal Enfield Dual Sport,2022
0.621371192,6199,CONTINENTAL GT ROCKER RED,Royal Enfield Standard,2022
6.213711922,4149,CLASSIC 350 HALCYON GREEN,Royal Enfield Standard,2022
0,5999,INT650 CANYON RED,Royal Enfield Standard,2022
6.835083115,7699,INTERCEPTOR 650,Royal Enfield Standard,2022
0,6699,CONTINENTAL GT 650 MR. CLEAN BASE,Royal Enfield Standard,2022
3.106855961,3995,CLASSIC 350,Royal Enfield Cruiser,2022
1.864113577,4799,CLASSIC 350,Royal Enfield Cruiser,2022
3.106855961,4499,CLASSIC 350,Royal Enfield Cruiser,2022
6.213711922,5699,INTERCEPTOR 650 VENTURA BLUE,Royal Enfield Standard,2022
624.4780482,5899,CONTINENTAL GT 650,Royal Enfield Standard,2021
2044.311222,3995,HIMALAYAN LAKE BLUE,Royal Enfield Standard,2021
44.73872584,5897,HIMALAYAN LAKE BLUE,Royal Enfield Standard,2021
1547.214269,4799,METEOR 350 STELLAR BLUE,Royal Enfield Standard,2021
477.2130756,5995,BULLET TRIALS WORKS REPLICA 500,Royal Enfield Standard,2020
2316.471805,6499,INT650 SILVER SPECTRE,Royal Enfield Standard,2020
1728.033286,3799,CLASSIC BATTLE GREEN,Royal Enfield Cruiser,2017
0,6349,CONTINENTAL GT 650 ROCKER RED,Royal Enfield Standard,2023
0.621371192,4799,CLASSIC 350,Royal Enfield Cruiser,2023
1.864113577,5449,HIMALAYAN BASE,Royal Enfield Dual Sport,2023
3.106855961,5099,SCRAM 411 SKYLINE BLUE,Royal Enfield Standard,2023
0,5099,SCRAM 411 GRAPHITE BLUE,Royal Enfield Standard,2023
6.213711922,4799,CLASSIC 350 CHROME RED,Royal Enfield Standard,2023
6.213711922,4799,CLASSIC 350 CHROME BRONZE,Royal Enfield Standard,2023
0,5099,SCRAM 411 WHITE FLAME,Royal Enfield Standard,2023
0,4799,METEOR 350,Royal Enfield Scooter,2023
0,6199,CONTINENTAL GT,Royal Enfield Scooter,2023
0,6649,CONTINENTAL GT,Royal Enfield Scooter,2023
1.242742384,6349,INT650 SUNSET STRIP,Royal Enfield Standard,2023
0.621371192,5449,HIMALAYAN MIRAGE SILVER,Royal Enfield Standard,2023
0,4699,CLASSIC 350,Royal Enfield Scooter,2023
0,5449,HIMALAYAN,Royal Enfield Scooter,2023
6.213711922,6349,INT650 SUNSET STRIP,Royal Enfield Standard,2023
0,5099,SCRAM 411,Royal Enfield Scooter,2023
0.621371192,5099,SCRAM 411 SKYLINE BLUE,Royal Enfield Standard,2023
0.621371192,5099,SCRAM 411 SILVER SPIRIT,Royal Enfield Standard,2023
0,6349,CONTINENTAL GT 650 ROCKER RED,Royal Enfield Standard,2023
0,5449,HIMALAYAN GRANITE BLACK,Royal Enfield Standard,2023
0.621371192,5099,SCRAM 411 BLAZING BLACK,Royal Enfield Standard,2023
0,4699,CLASSIC 350 CHROME BRONZE,Royal Enfield Standard,2023
4.349598346,4199,HUNTER 350,Royal Enfield Standard,2023
0,5774,SCRAM 411 SILVER SPIRIT,Royal Enfield Standard,2023
0.621371192,5099,SCRAM 411,Royal Enfield Standard,2023
0.621371192,4799,CLASSIC 350,Royal Enfield Standard,2023
0,4649,METEOR 350,Royal Enfield Cruiser,2022
1.864113577,6199,INT650 BASE,Royal Enfield Standard,2022
0,4549,METEOR 350,Royal Enfield Cruiser,2022
1.242742384,4749,METEOR 350,Royal Enfield Cruiser,2022
0,4749,METEOR 350,Royal Enfield Cruiser,2022
0.621371192,11499,INT 650,Royal Enfield Standard,2022
1.242742384,4649,METEOR 350,Royal Enfield Cruiser,2022
0,3799,METEOR 350,Royal Enfield Dual Sport,2022
0,5199,TWINS CONTINENTAL GT 650,Royal Enfield Standard,2022
3.106855961,4897,DOWNTOWN DRAG,Royal Enfield Standard,2022
0,4399,METEOR FIREBALL YELLOW,Royal Enfield Standard,2022
0,4599,CLASSIC 350 SIGNALS DESERT SAND,Royal Enfield Standard,2022
0,5299,HIMALAYAN ROCK RED,Royal Enfield Standard,2022
0,4299,HIMALAYAN,Royal Enfield Dual Sport,2022
0,5299,HIMALAYAN PINE GREEN,Royal Enfield Dual Sport,2022
3.106855961,3995,CLASSIC 350 CHROME RED,Royal Enfield Standard,2022
0,5999,CONTINENTAL GT MR. CLEAN,Royal Enfield Standard,2022
0,3749,METEOR STELLAR BLUE,Royal Enfield Standard,2022
0,5499,CONTINENTAL GT VENTURA STORM,Royal Enfield Standard,2022
0,3799,METEOR SUPERNOVA BLUE,Royal Enfield Standard,2022
0,3749,METEOR STELLAR BLACK,Royal Enfield Standard,2022
0,5499,CONTINENTAL GT DUX DELUXE,Royal Enfield Standard,2022
0,5699,INT650 MARK 2,Royal Enfield Standard,2022
0,5199,TWINS INT650,Royal Enfield Standard,2022
0,4649,METEOR FIREBALL RED,Royal Enfield Standard,2022
0,3649,METEOR FIREBALL RED,Royal Enfield Standard,2022
0,4999,INT650 ORANGE CRUSH,Royal Enfield Standard,2022
0,4749,METEOR STELLAR RED,Royal Enfield Standard,2022
0,6199,INT650 SUNSET STRIP,Royal Enfield Standard,2022
0,4649,METEOR FIREBALL YELLOW,Royal Enfield Standard,2022
0,4749,METEOR STELLAR BLACK,Royal Enfield Standard,2022
0,8695,INT650 DOWNTOWN DRAG,Royal Enfield Standard,2022
0,4599,CLASSIC 350 DARK GUNMETAL GREY,Royal Enfield Standard,2022
0,4599,CLASSIC 350 SIGNALS MARSH GREY,Royal Enfield Standard,2022
0,4649,METEOR FIREBALL RED,Royal Enfield Standard,2022
0.621371192,5523,INT650,Royal Enfield Cruiser,2022
1.864113577,4999,CLASSIC 350,Royal Enfield Standard,2022
2.485484769,4499,CLASSIC 350,Royal Enfield Classic / Vintage,2022
0.621371192,4499,CLASSIC 350,Royal Enfield Classic / Vintage,2022
529.4082558,4350,METEOR 350,Royal Enfield Cruiser,2022
0,4399,METEOR 350,Royal Enfield Cruiser,2021
9550.475225,5171,INT 650,Royal Enfield Custom,2021
512.0098624,4499,METEOR 350,Royal Enfield Cruiser,2021
0,4399,METEOR 350 STELLAR RED,Royal Enfield Standard,2021
359.1525491,5500,CONTINENTAL GT DR. MAYHEM,Royal Enfield Standard,2021
260.3545295,5995,INT650,Royal Enfield Classic / Vintage,2019
4795.12149,4999,CLASSIC 500,Royal Enfield Classic / Vintage,2018
82.64236857,13450,INTERCEPTOR,Royal Enfield Classic / Vintage,1968
0,4899,METEOR 350,Royal Enfield Cruiser,2023
0,6649,CONTINENTAL GT 650 - DUX DELUXE,Royal Enfield Standard,2023
0,4799,CLASSIC 350 CHROME RED,Royal Enfield Standard,2023
0,4599,CLASSIC 350,Royal Enfield Standard,2023
0,6199,INT650 - SUNSET STRIP,Royal Enfield Standard,2023
0,4749,METEOR 350 - STELLAR BLACK,Royal Enfield Standard,2023
0,6199,INT650 SUNSET STRIP,Royal Enfield Standard,2023
1.864113577,4899,METEOR 350 BASE,Royal Enfield Cruiser,2023
0,4649,METEOR 350 - FIREBALL RED,Royal Enfield Standard,2023
0,4809,CLASSIC 350,Royal Enfield Standard,2023
0.621371192,3999,SCRAM 411,Royal Enfield Standard,2023
6.213711922,7149,CONTINENTAL GT 650 MR.CLEAN BASE,Royal Enfield Standard,2023
6.213711922,6849,CONTINENTAL GT 650 ROCKER RED,Royal Enfield Standard,2023
6.213711922,6149,INT650 VENTURA BLUE,Royal Enfield Standard,2023
0.621371192,6349,INT650 DOWNTOWN DRAG,Royal Enfield Standard,2023
397.677563,4995,SCRAM 411,Royal Enfield Standard,2023
0.621371192,5099,SCRAM 411,Royal Enfield Standard,2023
0,6349,INT650 BAKER EXPRESS,Royal Enfield Standard,2023
0,5449,HIMALAYAN MIRAGE SILVER,Royal Enfield Standard,2023
0,6349,INT650,Royal Enfield Scooter,2023
0,6349,CONTINENTAL GT 650 BRITISH RACING GREEN,Royal Enfield Classic / Vintage,2023
0,5099,SCRAM 411 GRAPHITE YELLOW,Royal Enfield Standard,2023
1.864113577,6149,INT650 ORANGE CRUSH,Royal Enfield Standard,2023
0.621371192,4599,CLASSIC 350 HALCYON GREEN,Royal Enfield Standard,2023
0.621371192,4599,CLASSIC 350 HALCYON BLACK,Royal Enfield Standard,2023
1.864113577,4899,METEOR 350 SUPERNOVA BLUE,Royal Enfield Standard,2023
9.941939076,5099,SCRAM 411 GRAPHITE BLUE,Royal Enfield Standard,2023
0,6124,HIMALAYAN ROCK RED,Royal Enfield Standard,2023
0,6824,INT650 CANYON RED,Royal Enfield Standard,2023
0,5774,SCRAM 411 SKYLINE BLUE,Royal Enfield Standard,2023
0,5774,SCRAM 411 WHITE FLAME,Royal Enfield Standard,2023
0,6124,HIMALAYAN LAKE BLUE,Royal Enfield Standard,2023
1.864113577,4799,CLASSIC 350,Royal Enfield Classic / Vintage,2023
6.213711922,6349,INTERCEPTOR 650,Royal Enfield Standard,2023
1.242742384,4799,METEOR 350,Royal Enfield Cruiser,2023
0,6124,HIMALAYAN PINE GREEN,Royal Enfield Standard,2023
1.864113577,5954,METEOR 350,Royal Enfield Cruiser,2023
0,5774,SCRAM 411 BLAZING BLACK,Royal Enfield Standard,2023
0,5774,SCRAM 411 GRAPHITE YELLOW,Royal Enfield Standard,2023
6.213711922,4599,CLASSIC 350 REBORN,Royal Enfield Classic / Vintage,2023
0,5099,SCRAM 411,Royal Enfield Dual Sport,2023
1.242742384,6349,INTERCEPTOR 650,Royal Enfield Standard,2023
1.242742384,6149,INTERCEPTOR 650,Royal Enfield Standard,2023
1.864113577,6349,CONTINENTAL GT 650,Royal Enfield Standard,2023
1.864113577,4499,CLASSIC 350 BASE,Royal Enfield Cruiser,2022
0,6342,CONTINENTAL GT 650 TWIN MR CLEAN BASE,Royal Enfield Standard,2022
0,4799,HIMALAYAN,Royal Enfield Standard,2022
0,5999,CONTINENTAL GT 650 TWIN MR CLEAN BASE,Royal Enfield Standard,2022
0,4999,HIMALAYAN,Royal Enfield Standard,2022
248.5484769,5799,INT650 DOWNTOWN DRAG,Royal Enfield Standard,2022
0,6199,INT 650 DOWNTOWN DRAG,Royal Enfield Standard,2022
0,5798,INT650,Royal Enfield Standard,2022
0,4999,INT650 CANYON RED,Royal Enfield Standard,2022
0,7174,CONTINENTAL GT VENTURA STORM,Royal Enfield Standard,2022
408.2408733,4489,CLASSIC 350 SIGNALS DESERT SAND,Royal Enfield Standard,2022
0,5174,CLASSIC 350 HALCYON GREEN,Royal Enfield Standard,2022
0,5374,CLASSIC 350 CHROME RED,Royal Enfield Standard,2022
0,6874,INT650 BAKER EXPRESS,Royal Enfield Standard,2022
0,5224,METEOR FIREBALL RED,Royal Enfield Standard,2022
0,5424,METEOR 350 STELLAR RED,Royal Enfield Standard,2022
0,6874,CONTINENTAL GT ROCKED RED,Royal Enfield Standard,2022
0,6874,CONTINENTAL GT BRITISH RACING GREEN,Royal Enfield Standard,2022
0,6874,INT650 DOWNTOWN DRAG,Royal Enfield Standard,2022
349.8319812,5999,CONTINENTAL GT 650,Royal Enfield Cruiser,2022
1127.167343,5495,INT650,Royal Enfield Cruiser,2022
106.8758451,5999,INTERCEPTOR 650,Royal Enfield Standard,2022
0,6199,CONTINENTAL GT 650,Royal Enfield Standard,2022
3552.379106,4700,METEOR 350,Royal Enfield Cruiser,2021
656.167979,3980,METEOR 350 SUPERNOVA,Royal Enfield Cruiser,2021
722.0333254,4495,INT650 SILVER SPECTRE,Royal Enfield Standard,2019
3.728227153,5449,HIMALAYAN,Royal Enfield Standard,2023
0,5099,SCRAM 411 - GRAPHITE RED,Royal Enfield Standard,2023
3.106855961,5550,HIMALAYAN,Royal Enfield Standard,2023
0,5899,HIMALAYAN,Royal Enfield Standard,2023
0.621371192,5550,HIMALAYAN,Royal Enfield Standard,2023
